{
  "assetsByChunkName": {
    "vendors~app-account~app-checkout~app-confirmation~app-order": "chunk.969f925c107abb87c5ef.js",
    "vendors~app-account~app-confirmation~app-order": "chunk.eee5af95222e7bf8e2a5.js",
    "vendors~app-account~app-checkout": "chunk.dabe78253ddf3fb79514.js",
    "admin": [
      "admin.93535a3c24ef10ae30fa.js",
      "admin.93535a3c24ef10ae30fa.js.map"
    ],
    "app-account": "chunk.238548e37f6e67ff9cf5.js",
    "app-cart": "chunk.c8a925affa2b85f0be05.js",
    "app-checkout": "chunk.8cf16ac0b241b4462711.js",
    "app-confirmation": "chunk.686c44d6917eee7f7f0f.js",
    "app-order": "chunk.9371ca9022c3f88a1eff.js",
    "checkout": [
      "checkout.0df9f36d440b0e895a95.js",
      "checkout.0df9f36d440b0e895a95.js.map"
    ],
    "storefront": [
      "storefront.958fd4fc0a0340019eb8.css",
      "storefront.2529e7e274349c42e3d0.js",
      "storefront.958fd4fc0a0340019eb8.css.map",
      "storefront.2529e7e274349c42e3d0.js.map"
    ],
    "vendors~app-cart": "chunk.42de5962178508ae87b8.js",
    "vendors~app-checkout": "chunk.77b67a6b1981fe14672f.js"
  }
}