{
  "title": "Contato",
  "meta_title": "Contato",
  "meta_description": "Contato",
  "body": "Segunda a Sexta, das 9h às 17h\\\nTelefone: (21) 2580-3776\\\nsac@emporiogourmetshow.com.br",
  "sections": [
    {
      "type": "apx_bannerTitle",
      "image": "/img/uploads/banner-contato.jpg",
      "title": "Fale com a gente!",
      "description": "Lorem ipsum dolor sit amet, consectetuer adipiscing elit. Donec odio. Quisque volutpat mattis eros. Nullam malesuada erat ut turpis. Suspendisse urna nibh, viverra non, semper suscipit, posuere a, pede."
    },
    {
      "type": "extra-page",
      "enabled": true
    },
    {
      "type": "custom-content",
      "markdown": "Teste"
    }
  ]
}