{
  "title": "Sobre nós",
  "meta_title": "Sobre nós",
  "meta_description": "Sobre nós",
  "body": "O Empório Gourmet Show é uma empresa que pensa diferente. Nós acreditamos que um serviço de qualidade e um ambiente aconchegante são de extrema importância para o cliente. Contamos com uma estrutura ágil, uma política de preços diferenciados e oferecemos produtos nacionais e importados de alta qualidade. Nossos produtos são reconhecidos por apreciadores exigentes e são muito mais acessíveis que os equivalentes encontrados atualmente no mercado Brasileiro.\n\n## **Missão**\n\nMais do que vender, proporcionar aos nossos clientes externos e internos, fornecedores e amigos, uma experiência sensorial única e intensa, através de produtos e serviços de qualidade, sejam nacionais ou importados.\n\n## **Visão**\n\nSer reconhecido no estado do RJ como um Empório aconchegante, único e rentável, associando um serviço de qualidade a uma gastronomia alegre e simples, utilizando produtos de qualidade vindos de todas as partes do mundo, encontrando-os em suas próprias prateleiras.\n\n## **Valores**\n\nBom humor, alegria, gentileza, harmonia, paz, sinceridade, humildade, competência, foco no ser humano, ousadia.\n\n![](/img/uploads/static.vmarket.png)",
  "sections": [
    {
      "type": "extra-page",
      "enabled": true
    },
    {
      "type": "banners-grid",
      "banners": [
        {
          "img": "/img/uploads/loja1.png"
        },
        {
          "img": "/img/uploads/loja2.png"
        },
        {
          "img": "/img/uploads/loja3.png"
        },
        {
          "img": "/img/uploads/loja4.png"
        }
      ]
    }
  ]
}