{
  "title": "cervejas",
  "categories": [
    {
      "category": {
        "slug": "nacionais",
        "image": "/img/uploads/design-sem-nome-49-1-.png"
      }
    },
    {
      "category": {
        "slug": "importadas",
        "image": "/img/uploads/garrafa-de-cerveja-com-sem-rotulo-isolado-vidro-verde_184700-1610-1-2-.jpg"
      }
    },
    {
      "category": {
        "slug": "kits-cervejas",
        "image": "/img/uploads/design-sem-nome-50-1-.png"
      }
    },
    {
      "category": {
        "slug": "chopp-de-vinho",
        "image": "/img/uploads/pink-moon-1-.jpg"
      }
    }
  ]
}