{
  "description": {
    "title": "",
    "text": " <h4>FUNCIONAMENTO LOJA</h4> <p> Segunda-feira a quinta-feira das 7h as 17h <p> Sexta e Sábado de 7h às 18h Domingos e Feriados de 9h30 às 16h30 <p><p>  <h4>FUNCIONAMENTO RESTAURANTE</h4> <p> 11:00h às 16h todos os dias"
  },
  "links_1": {
    "list_pages": true,
    "title": "Páginas",
    "list": []
  },
  "links_2": {
    "list_categories": true,
    "title": "Categorias",
    "list": []
  },
  "contacts": {
    "title": "Contatos",
    "phone_wpp": true,
    "socials": true,
    "email": true,
    "address": true
  },
  "stamps": [
    {
      "src": "/img/uploads/ssl-safe.png",
      "alt": "Secure connection"
    }
  ],
  "payment_methods": {
    "bb": true,
    "visa": true,
    "boleto": true,
    "aura": false,
    "banrisul": false,
    "elo": true,
    "hipercard": false,
    "hsbc": false,
    "bradesco": true,
    "santander": false,
    "mastercard": true,
    "citibank": false,
    "mais": false,
    "itau": true
  },
  "credits": "<b>Empório Gourmet Show</b><br>CNPJ:38.464.207/0001-90 Rua Capitão Féliz, 110 - CADEG Av. Central, Lojas 24 e 36, Benfica, RJ"
}