{
  "marketing_stripe": {
    "text": "<img src='/img/uploads/whatsapp_small.svg'/><b>ATENDIMENTO:</b> (21) 98143-6911",
    "link": "/promotion"
  },
  "contacts_stripe": {
    "pages": [
      {
        "title": "Sobre nós",
        "link": "/pages/sobre-nos"
      },
      {
        "title": "Esta loja é um PWA",
        "link": "/posts/esta-loja-e-um-pwa"
      }
    ],
    "phone_wpp": true,
    "socials": true
  },
  "categories_list": {
    "featured": [],
    "random": 10,
    "full_width": false
  },
  "search_input": true
}
