{
  "meta_title": "",
  "meta_description": "",
  "sections": [
    {
      "type": "banner-slider",
      "autoplay": 9000,
      "slides": [
        {
          "img": "/img/uploads/full banner.png",
          "alt": "Banner sample two",
          "start": "",
          "end": ""
        }
      ],
      "full_width": true
    },
    {
      "type": "collection-shelf",
      "shuffle": false,
      "collection_id": "6148dcfdbf447b5f0e01341b:categories:Vinhos Tintos:/vinhos-tintos",
      "limit": 12,
      "title": "Seleção do mês <b>Vinhos Tintos</b>",
      "page": 1,
      "sort": "views"
    },
    {
      "type": "banners-grid",
      "banners": [
        {
          "img": "http://via.placeholder.com/1300x300"
        }
      ]
    },
    {
      "type": "collection-shelf",
      "shuffle": false,
      "collection_id": "6148dcb5bf447b5f0e0133ac:categories:Drinkeria:/drinkeria",
      "limit": 12,
      "title": "Sugestões <small>Para o fim de semana</small>",
      "page": 1,
      "sort": "views"
    },
    {
      "type": "banners-grid",
      "banners": [
        {
          "img": "http://via.placeholder.com/635x300"
        },
        {
          "img": "http://via.placeholder.com/635x300"
        }
      ]
    },
    {
      "type": "collection-shelf",
      "shuffle": false,
      "collection_id": "6148dd42bf447b5f0e013492:categories:Nacionais:/nacionais",
      "headless": true,
      "limit": 12,
      "title": "É do Brasil! <small>Seleção de Nacionais</small>",
      "page": 1
    },
    {
      "type": "banners-grid",
      "banners": [
        {
          "img": "http://via.placeholder.com/413x300"
        },
        {
          "img": "http://via.placeholder.com/413x300"
        },
        {
          "img": "http://via.placeholder.com/413x300"
        }
      ]
    }
  ]
}